estimate,CI,cover,se,trueATE,approxATE,DR_estimate,DR_se,DR_CI,DR_cover,iter,n
-0.266384984675852,-0.394167415163975,1,0.0651963155935794,-0.199992639331369,-0.174444961649185,-0.263358577840526,0.0714827416384482,-0.403462176968066,1,1,1500
-0.266384984675852,-0.138602554187729,1,0.0651963155935794,-0.199992639331369,-0.174444961649185,-0.263358577840526,0.0714827416384482,-0.123254978712986,1,1,1500
