estimate,CI,cover,se,trueATE,approxATE,DR_estimate,DR_se,DR_CI,DR_cover,iter,n
0.827992788865755,0.772947824143116,1,0.0280846817374335,0.827072875425941,0.827573033168612,0.819810249124298,0.0266841483400779,0.767510279419621,1,1,1500
0.827992788865755,0.883037753588395,1,0.0280846817374335,0.827072875425941,0.827573033168612,0.819810249124298,0.0266841483400779,0.872110218828975,1,1,1500
