estimate,CI,cover,se,trueATE,approxATE,DR_estimate,DR_se,DR_CI,DR_cover,iter,n
0.235749419140237,0.161587711370978,1,0.03783830129239,0.249156167256097,0.275919587191512,0.239696658649177,0.0338811259135476,0.173290872102956,1,1,2000
0.235749419140237,0.309911126909497,1,0.03783830129239,0.249156167256097,0.275919587191512,0.239696658649177,0.0338811259135476,0.306102445195397,1,1,2000
