estimate,CI,cover,se,trueATE,approxATE,DR_estimate,DR_se,DR_CI,DR_cover,iter,n
-0.00782712673627076,-0.114556970425919,1,0.0544550025059233,0.000596142591770705,-0.0274874679313812,-0.0111305534136638,0.051356159256137,-0.111786775939996,1,1,1500
-0.00782712673627076,0.0989027169533772,1,0.0544550025059233,0.000596142591770705,-0.0274874679313812,-0.0111305534136638,0.051356159256137,0.0895256691126681,1,1,1500
