estimate,CI,cover,se,trueATE,approxATE,DR_estimate,DR_se,DR_CI,DR_cover,iter,n
-0.270100648057645,-0.419054849196312,1,0.0759984378864094,-0.2,-0.197919095659594,-0.266701505862596,0.0706894496293698,-0.405250281223119,1,1,1500
-0.270100648057645,-0.121146446918979,1,0.0759984378864094,-0.2,-0.197919095659594,-0.266701505862596,0.0706894496293698,-0.128152730502073,1,1,1500
