estimate,CI,cover,se,trueATE,approxATE,DR_estimate,DR_se,DR_CI,DR_cover,iter,n
0.862429670089586,0.814937192097037,1,0.0242313013744964,0.827215339278476,0.840182839881152,0.846466887797626,0.0226233511827659,0.802125934269803,1,1,2000
0.862429670089586,0.909922148082135,1,0.0242313013744964,0.827215339278476,0.840182839881152,0.846466887797626,0.0226233511827659,0.890807841325449,1,1,2000
