estimate,CI,cover,se,trueATE,approxATE,DR_estimate,DR_se,DR_CI,DR_cover,iter,n
-0.166862758828369,-0.290552358421143,1,0.0631080981938551,-0.199989195484167,-0.163157881909427,-0.15077022569987,0.0608943817805762,-0.270121020850631,1,1,2000
-0.166862758828369,-0.0431731592355961,1,0.0631080981938551,-0.199989195484167,-0.163157881909427,-0.15077022569987,0.0608943817805762,-0.0314194305491083,1,1,2000
