estimate,CI,cover,se,trueATE,approxATE,DR_estimate,DR_se,DR_CI,DR_cover,iter,n
-0.0542007452903403,-0.146457658737324,1,0.0470707187349842,0.000516773117821011,-0.0102142773716543,-0.0788262909469668,0.0428078158782287,-0.162728068325117,1,1,2000
-0.0542007452903403,0.0380561681566435,1,0.0470707187349842,0.000516773117821011,-0.0102142773716543,-0.0788262909469668,0.0428078158782287,0.00507548643118332,1,1,2000
